Workbook

Sheet Payroll
A1: Thanh toán lương
A3: Enter the bank code from the NOTE Sheet | B3: Sau khi nhập mã ngân hàng, tên ngân hàng nhận sẽ được nhập tự động | C3: Nhập số tài khoản nhận tiền | D3: Nhập tên người nhận của tài khoản tiền gửi | E3: Nhập số tiền cần chuyển khoản | F3: Nhập loại tiền chuyển khoản | G3: Nhập nội dung giao dịch | H3: Nhập mã tài khoản báo cáo
A4: Mã ngân hàng * | B4: Ngân hàng nhận tiền | C4: Số tài khoản nhận tiền* | D4: Tên người nhận * | E4: Số tiền chuyển khoản * | F4: Loại tiền chuyển * | G4: Nội dung giao dịch (tối đa 150 ký tự) | H4: Tài khoản báo cáo
A5: 616 | B5: =IFERROR(INDEX(NOTE!C:C,MATCH(TEXT(A5,"0"),NOTE!B:B,0)),"") -> ShinhanBank | C5: 700071152854 | D5: NNT dang hoat dong | E5: 3000000 | F5: VND | G5: Webcash VN chi luong thang 12_3 | H5: 2004002
B6: =IFERROR(INDEX(NOTE!C:C,MATCH(TEXT(A6,"0"),NOTE!B:B,0)),"")
B7: =IFERROR(INDEX(NOTE!C:C,MATCH(TEXT(A7,"0"),NOTE!B:B,0)),"")
B8: =IFERROR(INDEX(NOTE!C:C,MATCH(TEXT(A8,"0"),NOTE!B:B,0)),"")
B9: =IFERROR(INDEX(NOTE!C:C,MATCH(TEXT(A9,"0"),NOTE!B:B,0)),"")
B10: =IFERROR(INDEX(NOTE!C:C,MATCH(TEXT(A10,"0"),NOTE!B:B,0)),"")
B11: =IFERROR(INDEX(NOTE!C:C,MATCH(TEXT(A11,"0"),NOTE!B:B,0)),"")
B12: =IFERROR(INDEX(NOTE!C:C,MATCH(TEXT(A12,"0"),NOTE!B:B,0)),"")
B13: =IFERROR(INDEX(NOTE!C:C,MATCH(TEXT(A13,"0"),NOTE!B:B,0)),"")
B14: =IFERROR(INDEX(NOTE!C:C,MATCH(TEXT(A14,"0"),NOTE!B:B,0)),"")
B15: =IFERROR(INDEX(NOTE!C:C,MATCH(TEXT(A15,"0"),NOTE!B:B,0)),"")
B16: =IFERROR(INDEX(NOTE!C:C,MATCH(TEXT(A16,"0"),NOTE!B:B,0)),"")
B17: =IFERROR(INDEX(NOTE!C:C,MATCH(TEXT(A17,"0"),NOTE!B:B,0)),"")
... B997: =IFERROR(INDEX(NOTE!C:C,MATCH(TEXT(A997,"0"),NOTE!B:B,0)),"")

Sheet NOTE
B2: CITAD | E2: Currency
B3: Bank Code | C3: Bank | E3: VND
B4: 101 | C4: SBV | E4: USD
B5: 201 | C5: VietinBank
B6: 202 | C6: BIDV
B7: 203 | C7: Vietcombank
B8: 204 | C8: Agribank
B9: 207 | C9: VBSP
B10: 208 | C10: VDB
B11: 302 | C11: MSB
B12: 303 | C12: Sacombank
B13: 304 | C13: VikkiBank
B14: 305 | C14: EximBank
B15: 306 | C15: NamABank
B16: 307 | C16: ACB
... B106: 901 | C106: Co-opBank
